title,link,company
Sr. Backend Engineer - World's first Serverless Super Cloud Startup - Remote,https://stackoverflow.com/jobs/423582/sr-backend-engineer-worlds-first-serverless-source-coders-inc,Source Coders Inc
Backend Software Engineer (Go),https://stackoverflow.com/jobs/409540/backend-software-engineer-go-avenue,Avenue
Senior Go Backend Developer (m/f/x),https://stackoverflow.com/jobs/287208/senior-go-backend-developer-m-f-x-refurbed,refurbed
Senior Go Engineer,https://stackoverflow.com/jobs/427852/senior-go-engineer-shogun-labs-inc,"Shogun Labs, Inc"
Senior Software Engineer (Go) - 100% remote (UK/EU only),https://stackoverflow.com/jobs/230221/senior-software-engineer-go-100-remote-uk-form3-financial-cloud,Form3 - Financial Cloud
"Software Engineer, Golang",https://stackoverflow.com/jobs/412873/software-engineer-golang-air-map,Air Map
"Senior Software Engineer (Golang, Platform) - 100% remote (UK/EU only)",https://stackoverflow.com/jobs/392921/senior-software-engineer-golang-platform-avy-finans-ab,Avy Finans AB
"Senior full-stack engineer (Go, React, AWS)",https://stackoverflow.com/jobs/417931/senior-full-stack-engineer-go-react-aws-arcivr,Arcivr
Senior Software Engineer - Golang,https://stackoverflow.com/jobs/426019/senior-software-engineer-golang-andela,Andela
Golang Developer,https://stackoverflow.com/jobs/430806/golang-developer-bairesdev-llc,BairesDev LLC
Senior Software Engineer (Go specialist),https://stackoverflow.com/jobs/408448/senior-software-engineer-go-specialist-netdata-inc,NetData Inc.
Senior Go Developer (Remote),https://stackoverflow.com/jobs/235208/senior-go-developer-remote-x-team,X-Team
Senior Software Engineer (Java & Golang) - Heavily Invested Tech Start Up,https://stackoverflow.com/jobs/425376/senior-software-engineer-java-golang-matillion,"Matillion
                        via
MRJ Recruitment"
Senior Backend Engineer,https://stackoverflow.com/jobs/414864/senior-backend-engineer-tutorme,TutorMe
Senior Software Engineer (DevSecOps) - 100% remote (UK/EU only),https://stackoverflow.com/jobs/373270/senior-software-engineer-devsecops-100-form3-financial-cloud,Form3 - Financial Cloud
Senior Software Engineer - Backend,https://stackoverflow.com/jobs/412297/senior-software-engineer-backend-restream,Restream
Tryouts Open for a Full-Stack Developer,https://stackoverflow.com/jobs/413173/tryouts-open-for-a-full-stack-developer-gamesheet-inc,GameSheet Inc.
Software Engineer - Backend,https://stackoverflow.com/jobs/423180/software-engineer-backend-blameless,Blameless
Senior Software Engineer,https://stackoverflow.com/jobs/285541/senior-software-engineer-carbon-relay,Carbon Relay
Senior Backend Engineer,https://stackoverflow.com/jobs/410147/senior-backend-engineer-all-turtles,All Turtles
Full-Stack Developer,https://stackoverflow.com/jobs/307185/full-stack-developer-charidy,Charidy
Senior Software Engineer (remote US) - progressive ed nonprofit,https://stackoverflow.com/jobs/414283/senior-software-engineer-remote-us-achievement-network,Achievement Network
"Engineering Manager, Cloud Infrastructure - Full Remote in Europe",https://stackoverflow.com/jobs/336927/engineering-manager-cloud-infrastructure-full-heetch,Heetch
Software Engineering Lead,https://stackoverflow.com/jobs/300207/software-engineering-lead-soteria,Soteria
Sr. DevOps / Site Reliability Engineer (Kubernetes) - MariaDB - Fully Remote,https://stackoverflow.com/jobs/420668/sr-devops-site-reliability-engineer-source-coders-inc,Source Coders Inc
Software Engineer,https://weworkremotely.com/company/car-registration-inc,"Car Registration, Inc"
Senior Software Engineer - Haskell/Golang,https://weworkremotely.com/company/betterteam,Betterteam
Full-stack Developer,https://weworkremotely.com/remote-jobs/delphi-digital-full-stack-developer,Delphi Digital
Senior Backend Engineer,https://weworkremotely.com/company/primer-ai,Primer.ai
iOS Developer,https://weworkremotely.com/company/doximity,Doximity
"Senior Engineer, Manager",https://weworkremotely.com/company/doximity,Doximity
Senior Golang Engineer,https://weworkremotely.com/company/fingerprintjs,FingerprintJS
"Software Engineer, Android (Kotlin)",https://weworkremotely.com/company/doximity,Doximity
"Engineering Manager (React, React Native, Mobile)",https://weworkremotely.com/company/x-team,X-Team
"Software Engineer, Full Stack ",https://weworkremotely.com/company/doximity,Doximity
Mobile Application Engineer (Remote),https://weworkremotely.com/remote-jobs/ezoic-mobile-application-engineer-remote,Ezoic
,https://weworkremotely.com/categories/remote-programming-jobs,
Golang Developer,https://remoteok.io/remote-jobs/98794-remote-golang-developer-bairesdev,BairesDev
Senior Go Stack Developer,https://remoteok.io/remote-jobs/98176-remote-senior-go-stack-developer-koi-consulting,Koi Consulting
Software Engineer Cloud Security,https://remoteok.io/remote-jobs/98152-remote-software-engineer-cloud-security-crowdstrike,CrowdStrike
Senior Software Engineer Backend,https://remoteok.io/remote-jobs/97967-remote-senior-software-engineer-backend-blameless,Blameless
Senior Software Engineer,https://remoteok.io/remote-jobs/97968-remote-senior-software-engineer-arcivr,Arcivr
Software Engineer Golang,https://remoteok.io/remote-jobs/97868-remote-software-engineer-golang-air-map,Air Map
Senior Go Developer,https://remoteok.io/remote-jobs/97861-remote-senior-go-developer-x-team,X Team
Go Architect Developer,https://remoteok.io/remote-jobs/97756-remote-go-architect-developer-ubuntu-software,Ubuntu Software
Golang Developer,https://remoteok.io/remote-jobs/97427-remote-golang-developer-vop,Vop
Senior Software Engineer,https://remoteok.io/remote-jobs/97309-remote-senior-software-engineer-vistas-recruitment,Vistas recruitment
Part Go Developer Engineer,https://remoteok.io/remote-jobs/97078-remote-part-go-developer-engineer-cyza,CYZA
Senior Go Blockchain Developer,https://remoteok.io/remote-jobs/97074-remote-senior-go-blockchain-developer-spacemesh,Spacemesh
Senior Full Stack Developer,https://remoteok.io/remote-jobs/97075-remote-senior-full-stack-developer-rewardstyle,rewardStyle
Senior Lead Kubernetes Golang Developer,https://remoteok.io/remote-jobs/97072-remote-senior-lead-kubernetes-golang-developer-cshark,CSHARK
Mid Full Stack Developer,https://remoteok.io/remote-jobs/97073-remote-mid-full-stack-developer-network-gaming,Network Gaming
Senior Software Engineer,https://remoteok.io/remote-jobs/88261-remote-senior-software-engineer-form3,Form3
Software Engineer Cloud,https://remoteok.io/remote-jobs/86642-remote-software-engineer-cloud-hashicorp,HashiCorp
"Software Engineer, Security",https://remoteok.io/remote-jobs/86398-remote-software-engineer-security-doximity,Doximity
Software Engineer,https://remoteok.io/remote-jobs/86350-remote-software-engineer-coder,Coder
Senior Golang Developer,https://remoteok.io/remote-jobs/86336-remote-senior-golang-developer-fast,Fast
Senior Software Engineer,https://remoteok.io/remote-jobs/86197-remote-senior-software-engineer-spideroak,SpiderOak
Senior Software Engineer Golang,https://remoteok.io/remote-jobs/85732-remote-senior-software-engineer-golang-spideroak,SpiderOak
Senior Software Engineer,https://remoteok.io/remote-jobs/85361-remote-senior-software-engineer-hashicorp,HashiCorp
Senior Software Engineer,https://remoteok.io/remote-jobs/85327-remote-senior-software-engineer-screenleap,Screenleap
Senior Software Engineer,https://remoteok.io/remote-jobs/85213-remote-senior-software-engineer-avy,Avy
Senior Software Engineer,https://remoteok.io/remote-jobs/84989-remote-senior-software-engineer-pomerium,Pomerium
Senior Software Engineer,https://remoteok.io/remote-jobs/84828-remote-senior-software-engineer-back,Back
Blockchain Developer WFH,https://remoteok.io/remote-jobs/84615-remote-blockchain-developer-wfh-spacemesh,Spacemesh
Golang Software Engineer,https://remoteok.io/remote-jobs/84479-remote-golang-software-engineer-source-coders,Source Coders
Golang Software Engineer,https://remoteok.io/remote-jobs/84465-remote-golang-software-engineer-remote-percona,Percona
Senior Software Engineer 100,https://remoteok.io/remote-jobs/84440-remote-senior-software-engineer-100-form3,FORM3
Backend Go Developer for Voice Chat App,https://remoteok.io/remote-jobs/84383-remote-backend-go-developer-for-voice-chat-app-dialup,Dialup 
Backend Developer,https://remoteok.io/remote-jobs/83952-remote-backend-developer-toggl,Toggl
Golang Flutter Developer,https://remoteok.io/remote-jobs/83860-remote-golang-flutter-developer-getcouragenow,GetCourageNow
Senior Full Stack Developer,https://remoteok.io/remote-jobs/83645-remote-senior-full-stack-developer-panda-strike,Panda Strike 
Golang Senior Software Engineer,https://remoteok.io/remote-jobs/83889-remote-golang-senior-software-engineer-integral-ad-science,Integral Ad Science
Lead Golang Developer,https://remoteok.io/remote-jobs/83612-remote-lead-golang-developer-network-gaming,Network Gaming
Senior Backend Go Developer,https://remoteok.io/remote-jobs/83610-remote-senior-backend-go-developer-cel,CEL
Buff is Looking for,https://remoteok.io/remote-jobs/83515-remote-buff-is-looking-for-buff-up-ltd,Buff Up LTD
Backend Developer,https://remoteok.io/remote-jobs/83475-remote-backend-developer-toggl-hire,Toggl Hire
Backend Software Engineer,https://remoteok.io/remote-jobs/77312-remote-backend-software-engineer-vendrive,Vendrive
Principal Software Engineer,https://remoteok.io/remote-jobs/77309-remote-principal-software-engineer-airbrake,Airbrake
Contract Junior Full Stack Developer,https://remoteok.io/remote-jobs/77182-remote-contract-junior-full-stack-developer-intevity,Intevity
Software Engineer,https://remoteok.io/remote-jobs/77180-remote-software-engineer-carbon-relay,Carbon Relay
Senior Go Developer,https://remoteok.io/remote-jobs/77058-remote-senior-go-developer-x-team,X Team
Backend Software Engineer,https://remoteok.io/remote-jobs/76885-remote-backend-software-engineer-the-new-york-times,The New York Times
Senior Software Engineer Back End,https://remoteok.io/remote-jobs/76882-remote-senior-software-engineer-back-end-sun-life,Sun Life
Senior Go Developer,https://remoteok.io/remote-jobs/76880-remote-senior-go-developer-new-context-services,New Context Services
Software Engineer Platform Engineering,https://remoteok.io/remote-jobs/76878-remote-software-engineer-platform-engineering-secureworks,Secureworks
Senior Software Engineer,https://remoteok.io/remote-jobs/76876-remote-senior-software-engineer-enova,Enova
Senior Software Developer,https://remoteok.io/remote-jobs/76803-remote-senior-software-developer-form3,FORM3
Senior Software Engineer Blockchain Protocol,https://remoteok.io/remote-jobs/76574-remote-senior-software-engineer-blockchain-protocol-tendermint,Tendermint
Golang Developer,https://remoteok.io/remote-jobs/76186-remote-golang-developer-mercury-holidays,Mercury Holidays
Software Developer,https://remoteok.io/remote-jobs/76062-remote-software-developer-merj,Merj
Lead Cloud Developer US Citizen ONLY,https://remoteok.io/remote-jobs/75995-remote-lead-cloud-developer-us-citizen-only-saic,SAIC
Golang Developer,https://remoteok.io/remote-jobs/75964-remote-golang-developer-newrem-media-corp,NewRem Media Corp
Backend Developer Intern Golang,https://remoteok.io/remote-jobs/75843-remote-backend-developer-intern-golang-mailchain,Mailchain
Software Engineer,https://remoteok.io/remote-jobs/75721-remote-software-engineer-axiom,Axiom 
Junior Go Developer Server Side,https://remoteok.io/remote-jobs/75698-remote-junior-go-developer-server-side-compliance-solution-strategies,Compliance Solution Strategies
Go Developer,https://remoteok.io/remote-jobs/75670-remote-go-developer-x-team,X Team
Senior Golang Developer,https://remoteok.io/remote-jobs/75607-remote-senior-golang-developer-trust-soda,Trust Soda
Senior Software Developer 100,https://remoteok.io/remote-jobs/75541-remote-senior-software-developer-100-form3,FORM3
Video Software Engineer,https://remoteok.io/remote-jobs/75482-remote-video-software-engineer-cbs-interactive,CBS Interactive
Senior Software Engineer for US Canada ONLY,https://remoteok.io/remote-jobs/75342-remote-senior-software-engineer-for-us-canada-only-planet,Planet
Senior Software Engineer,https://remoteok.io/remote-jobs/75287-remote-senior-software-engineer-planet,Planet
Senior Software Engineer,https://remoteok.io/remote-jobs/74966-remote-senior-software-engineer-netdata,Netdata
Senior Software Engineer,https://remoteok.io/remote-jobs/74734-remote-senior-software-engineer-rewardstyle,rewardStyle
Senior Software Engineer (kubernetes Application Management),https://remoteok.io/remote-jobs/74603-remote-senior-software-engineer-kubernetes-application-management-netapp,NetApp
"Software Engineer, Packer",https://remoteok.io/remote-jobs/74528-remote-software-engineer-packer-hashicorp,HashiCorp
Golang Developer,https://remoteok.io/remote-jobs/74421-remote-golang-developer-springboardvr,SpringboardVR
Senior Backend Engineer - Golang Focus,https://remoteok.io/remote-jobs/74351-remote-senior-backend-engineer-golang-focus-remote-dl-remote,DL Remote
Kubernetes Go Software Developer,https://remoteok.io/remote-jobs/74327-remote-kubernetes-go-software-developer-veganbase,Veganbase
Golang Backend Developer,https://remoteok.io/remote-jobs/74261-remote-golang-backend-developer-sonatype,Sonatype
Golang Software Engineer,https://remoteok.io/remote-jobs/74195-remote-golang-software-engineer-percona,Percona
Backend Developer (with Go Experience),https://remoteok.io/remote-jobs/74155-remote-backend-developer-with-go-experience-archipelago,Archipelago
Senior Software Developer 100,https://remoteok.io/remote-jobs/74135-remote-senior-software-developer-100-form3-financial-cloud,Form3 Financial Cloud
"Senior Software Engineer, iOS",https://remoteok.io/remote-jobs/74089-remote-senior-software-engineer-ios-doximity,Doximity
Staff Software Engineer Accounts,https://remoteok.io/remote-jobs/73961-remote-staff-software-engineer-accounts-invision,InVision
Open Source Software Engineer Go,https://remoteok.io/remote-jobs/73916-remote-open-source-software-engineer-go-datadog,Datadog
Backend Developer,https://remoteok.io/remote-jobs/73876-remote-backend-developer-touchnote,TouchNote
Go Developer,https://remoteok.io/remote-jobs/73703-remote-go-developer-x-team-international,X Team International
Senior Software Engineer Language Analysis Team,https://remoteok.io/remote-jobs/73544-remote-senior-software-engineer-language-analysis-team-sourced,source{d
Senior Golang Backend Developer,https://remoteok.io/remote-jobs/73478-remote-senior-golang-backend-developer-freepoint-commodities,Freepoint Commodities
Senior Software Engineer,https://remoteok.io/remote-jobs/73461-remote-senior-software-engineer-retailnext,RetailNext
Senior Backend Developer Golang for Blockchain Fintech,https://remoteok.io/remote-jobs/73328-remote-senior-backend-developer-golang-for-blockchain-fintech-herdius,Herdius
Go Backend Software Engineer Working,https://remoteok.io/remote-jobs/73247-remote-go-backend-software-engineer-working-revoco,Revoco
Software Engineer,https://remoteok.io/remote-jobs/73233-remote-software-engineer-techfolk-on-behalf-of-third-light,techfolk on behalf of Third Light
FULL Stack Developer,https://remoteok.io/remote-jobs/73221-remote-full-stack-developer-codersrank-zrt,CodersRank Zrt
Backend Developer,https://remoteok.io/remote-jobs/73219-remote-backend-developer-codersrank-zrt,CodersRank Zrt
Go Golang Developer,https://remoteok.io/remote-jobs/72930-remote-go-golang-developer-x-team,X Team
Senior Software Engineer 100% EU ONLY,https://remoteok.io/remote-jobs/72833-remote-senior-software-engineer-100-eu-only-form3-financial-cloud,Form3 Financial Cloud
Software Engineer Backend,https://remoteok.io/remote-jobs/72829-remote-software-engineer-backend-the-civil-media-company,The Civil Media Company
Backend Go Developer,https://remoteok.io/remote-jobs/72749-remote-backend-go-developer-toggl,Toggl
Full-stack Go Software Engineer,https://remoteok.io/remote-jobs/72309-remote-full-stack-go-software-engineer-private-business-network,Private Business Network
Software Engineer,https://remoteok.io/remote-jobs/72574-remote-software-engineer-teaching-strategies,Teaching Strategies
Software Engineer UK Only,https://remoteok.io/remote-jobs/72541-remote-software-engineer-uk-only-utility-warehouse,Utility Warehouse
Golang Developer,https://remoteok.io/remote-jobs/72496-remote-golang-developer-veganbase,Veganbase
Web Developer,https://remoteok.io/remote-jobs/72355-remote-web-developer-rightnao,RightNao
Backend Software Engineer,https://remoteok.io/remote-jobs/72246-remote-backend-software-engineer-galaxite,Galaxite 
Software Engineer,https://remoteok.io/remote-jobs/72055-remote-software-engineer-scoolio-gmbh,Scoolio GmbH
Senior Golang Engineer,https://remoteok.io/remote-jobs/71806-remote-senior-golang-engineer-codelitt,Codelitt
Software Engineer Backend,https://remoteok.io/remote-jobs/71772-remote-software-engineer-backend-proper-technologies,Proper Technologies 
Software Engineer,https://remoteok.io/remote-jobs/71750-remote-software-engineer-openly,Openly 
Backend Software Engineer,https://remoteok.io/remote-jobs/71460-remote-backend-software-engineer-senseye,Senseye
Senior Software Engineer 100% EU ONLY,https://remoteok.io/remote-jobs/71449-remote-senior-software-engineer-100-eu-only-form3,Form3
"Software Engineer, Service Reliability",https://remoteok.io/remote-jobs/71432-remote-software-engineer-service-reliability-doximity,Doximity
Senior Software Developer,https://remoteok.io/remote-jobs/71430-remote-senior-software-developer-form3-financial-cloud,Form3 Financial Cloud
Senior Software Engineer EU 100,https://remoteok.io/remote-jobs/71427-remote-senior-software-engineer-eu-100-vistas-recruitment,Vistas Recruitment
Senior Go Developer,https://remoteok.io/remote-jobs/71312-remote-senior-go-developer-erply,Erply
Senior Go Developer,https://remoteok.io/remote-jobs/71296-remote-senior-go-developer-verisart,Verisart 
Senior Full Stack Developer with React Experience,https://remoteok.io/remote-jobs/71132-remote-senior-full-stack-developer-with-react-experience-codelitt,Codelitt
Go Developer,https://remoteok.io/remote-jobs/71198-remote-go-developer-capita-it-resourcing,Capita It resourcing
Senior Backend Software Engineer,https://remoteok.io/remote-jobs/71073-remote-senior-backend-software-engineer-coins-ph,Coins.ph
Golang Developer Intermediate,https://remoteok.io/remote-jobs/71038-remote-golang-developer-intermediate-scopic-software,Scopic Software
Full Stack Developer for Sustainable E Commerce View Job,https://remoteok.io/remote-jobs/70881-remote-full-stack-developer-for-sustainable-e-commerce-view-job-your-ab,Your AB
Golang Full Stack Developer Contract,https://remoteok.io/remote-jobs/70820-remote-golang-full-stack-developer-contract-teema-solutions-group,TEEMA Solutions Group
Backend Software Engineer,https://remoteok.io/remote-jobs/70766-remote-backend-software-engineer-schlachter-informatik,Schlachter Informatik
Senior Software Engineer Cybernetics Startup,https://remoteok.io/remote-jobs/70753-remote-senior-software-engineer-cybernetics-startup-tech-talent-hub,Tech Talent Hub
Senior Golang Developer,https://remoteok.io/remote-jobs/70484-remote-senior-golang-developer-codesigned,Codesigned
Software Engineer Backend,https://remoteok.io/remote-jobs/70446-remote-software-engineer-backend-numbrs-personal-finance-ag,Numbrs Personal Finance AG
Senior Backend Software Engineer,https://remoteok.io/remote-jobs/70360-remote-senior-backend-software-engineer-transportant,Transportant
Go Software Engineer,https://remoteok.io/remote-jobs/70148-remote-go-software-engineer-scylladb,ScyllaDB
"Senior Software Engineer, Back End",https://remoteok.io/remote-jobs/70129-remote-senior-software-engineer-back-end-maxwell-health,Maxwell Health
Golang Developer,https://remoteok.io/remote-jobs/70071-remote-golang-developer-real-staffing,Real Staffing
Senior Software Engineer Golang SF Bay Area Vancouver,https://remoteok.io/remote-jobs/69931-remote-senior-software-engineer-golang-sf-bay-area-vancouver-tigera,Tigera
Senior Software Engineer,https://remoteok.io/remote-jobs/69920-remote-senior-software-engineer-tigera,Tigera
Senior Software Engineer,https://remoteok.io/remote-jobs/69817-remote-senior-software-engineer-bluelabs,BlueLabs
Go Developer Engineer Position,https://remoteok.io/remote-jobs/69765-remote-go-developer-engineer-position-cyza,CYZA
Open-source Software Engineer,https://remoteok.io/remote-jobs/69761-remote-open-source-software-engineer-commerceblock-limited,Commerceblock Limited
Go Software Developer,https://remoteok.io/remote-jobs/69747-remote-go-software-developer-thycotic,Thycotic
Software Engineer,https://remoteok.io/remote-jobs/69692-remote-software-engineer-businessvpn,BusinessVPN
Backend Developer,https://remoteok.io/remote-jobs/69659-remote-backend-developer-searis,Searis
Software Engineer LXD,https://remoteok.io/remote-jobs/69609-remote-software-engineer-lxd-canonical,Canonical 
Back End Software Engineer,https://remoteok.io/remote-jobs/69525-remote-back-end-software-engineer-utility-warehouse,Utility Warehouse
Backend Developer,https://remoteok.io/remote-jobs/69461-remote-backend-developer-agflow-sa,AgFlow SA
Golang Developer,https://remoteok.io/remote-jobs/69328-remote-golang-developer-aurity,Aurity
Senior Backend Developer,https://remoteok.io/remote-jobs/69276-remote-senior-backend-developer-digiexam,DigiExam
Junior Backend Developer Golang,https://remoteok.io/remote-jobs/69250-remote-junior-backend-developer-golang-wonpy,Wonpy
Senior Software Engineer Golang SF Bay Area,https://remoteok.io/remote-jobs/69212-remote-senior-software-engineer-golang-sf-bay-area-tigera,Tigera
Software Engineer,https://remoteok.io/remote-jobs/69173-remote-software-engineer-the-sensible-code-company,The Sensible Code Company
Backend Go Developer,https://remoteok.io/remote-jobs/69125-remote-backend-developer-in-go-in-remote-in-emea-or-on-site-in-paris-for-cycloid-a-devops-platform-cycloid,Cycloid
Go Developer,https://remoteok.io/remote-jobs/69039-remote-go-developer-spideroak,SpiderOak
Full Stack Developer,https://remoteok.io/remote-jobs/69034-remote-full-stack-developer-upstack-technologies-inc-,Upstack Technologies Inc.
Full Stack Go Developer,https://remoteok.io/remote-jobs/68935-remote-full-stack-go-developer-veganbase,Veganbase
Software Engineer,https://remoteok.io/remote-jobs/68934-remote-software-engineer-permission-data,Permission Data
Senior Go Developer,https://remoteok.io/remote-jobs/68918-remote-senior-go-developer-outlyer,Outlyer
Software Engineer Go,https://remoteok.io/remote-jobs/68904-remote-software-engineer-go-abstract,Abstract
Senior Systems Software Engineer,https://remoteok.io/remote-jobs/68834-remote-senior-systems-software-engineer-heptio,Heptio
Senior Software Engineer Golang,https://remoteok.io/remote-jobs/68813-remote-senior-software-engineer-golang-tigera,Tigera
Vegan Senior Full Stack Developer,https://remoteok.io/remote-jobs/68768-remote-vegan-senior-full-stack-developer-veganbase,Veganbase
Senior Go Developer,https://remoteok.io/remote-jobs/68758-remote-senior-go-developer-fuse-finders,Fuse Finders
Full Stack Go Golang Developer,https://remoteok.io/remote-jobs/68533-remote-full-stack-go-golang-developer-buildwp,BuildWP
Software Developer Golang,https://remoteok.io/remote-jobs/68532-remote-software-developer-golang-scout-exchange,Scout Exchange
Senior Software Engineer,https://remoteok.io/remote-jobs/68461-remote-senior-software-engineer-ravenops,RavenOps
Backend Developer,https://remoteok.io/remote-jobs/68457-remote-backend-developer-hashnode,Hashnode
Middle Go Developer,https://remoteok.io/remote-jobs/68253-remote-middle-go-developer-affise-technologies,Affise Technologies
Backend Software Engineer,https://remoteok.io/remote-jobs/68206-remote-backend-software-engineer-actelligent,Actelligent
Golang Developer,https://remoteok.io/remote-jobs/68163-remote-golang-developer-aog-jobs,AOG.jobs
Go Developer,https://remoteok.io/remote-jobs/68107-remote-go-developer-third-light,Third Light
Golang Developer,https://remoteok.io/remote-jobs/68104-remote-golang-developer-mmg-fusion,MMG Fusion
Golang Developer,https://remoteok.io/remote-jobs/68088-remote-golang-developer-mmg-fusion-llc,MMG Fusion LLC
Senior Software Engineer Sought Join Skycoin Team,https://remoteok.io/remote-jobs/68086-remote-senior-software-engineer-sought-join-skycoin-team-skycoin,Skycoin
Senior Software Engineer,https://remoteok.io/remote-jobs/68063-remote-senior-software-engineer-openly,Openly 
Go Software Engineer,https://remoteok.io/remote-jobs/68043-remote-go-software-engineer-circonus,Circonus 
Backend Project Developer L. Project Lead,https://remoteok.io/remote-jobs/68006-remote-backend-project-developer-l-project-lead-iot-connctd-gmbh,IoT connctd GmbH
Experienced Go Developer,https://remoteok.io/remote-jobs/67851-remote-experienced-go-developer-mesg,MESG
Golang Software Engineer,https://remoteok.io/remote-jobs/67753-remote-golang-software-engineer-utility-warehouse,Utility Warehouse
Senior Software Developer Distributed Storage,https://remoteok.io/remote-jobs/67718-remote-senior-software-developer-distributed-storage-suse,SUSE
Senior Software Engineer,https://remoteok.io/remote-jobs/67714-remote-senior-software-engineer-termsheet,Termsheet
Senior Backend Developer,https://remoteok.io/remote-jobs/67688-remote-senior-backend-developer-mothership,Mothership
Software Engineer Nomad Backend Spark Integration,https://remoteok.io/remote-jobs/67685-remote-software-engineer-nomad-backend-spark-integration-hashicorp,HashiCorp
Senior Beckend Developer,https://remoteok.io/remote-jobs/67657-remote-senior-beckend-developer-joox-music,JOOX Music
Golang Software Engineer,https://remoteok.io/remote-jobs/67650-remote-golang-software-engineer-loodse,Loodse
C Go Software Engineer Networking,https://remoteok.io/remote-jobs/67649-remote-c-go-software-engineer-networking-peerstream,PeerStream 
Senior Developer,https://remoteok.io/remote-jobs/67416-remote-senior-developer-decenternet,Decenternet
Backend Developer Ruby Go,https://remoteok.io/remote-jobs/67396-remote-backend-developer-ruby-go-gitlab,Gitlab
Senior Software Engineer Prometheus,https://remoteok.io/remote-jobs/67395-remote-senior-software-engineer-prometheus-sysdig,Sysdig
Software Engineer,https://remoteok.io/remote-jobs/67374-remote-software-engineer-powerchord,PowerChord 
Senior Golang Developer Engineer Position,https://remoteok.io/remote-jobs/67330-remote-senior-golang-developer-engineer-position-cyza,CYZA 
Senior Frontend Developer California Company,https://remoteok.io/remote-jobs/67331-remote-senior-frontend-developer-california-company-cyza,CYZA 
Software Engineer,https://remoteok.io/remote-jobs/67318-remote-software-engineer-qntfy,Qntfy
Vegan Senior Developer,https://remoteok.io/remote-jobs/67314-remote-vegan-senior-developer-veganbase,Veganbase
Go Developer,https://remoteok.io/remote-jobs/67183-remote-go-developer-better-loyalty-solutions-limited,Better Loyalty Solutions Limited
Senior Software Developer,https://remoteok.io/remote-jobs/67149-remote-senior-software-developer-vereign-ag,Vereign AG
Golang Senior Developer,https://remoteok.io/remote-jobs/67083-remote-golang-senior-developer-phishlabs,PhishLabs
Go Developer,https://remoteok.io/remote-jobs/67075-remote-go-developer-bnet-ventures,BNET Ventures
Full Stack Developer,https://remoteok.io/remote-jobs/66985-remote-full-stack-developer-upstack,Upstack
Go Developer,https://remoteok.io/remote-jobs/66873-remote-go-developer-techfolk,techfolk
Senior Software Engineer,https://remoteok.io/remote-jobs/66850-remote-senior-software-engineer-circonus,Circonus 
Software Engineer,https://remoteok.io/remote-jobs/66769-remote-software-engineer-hedge,Hedge
Software Engineer,https://remoteok.io/remote-jobs/66638-remote-software-engineer-retailnext,RetailNext 
Go Developer 3 Months Immediate Start Â£300 400 Day UK,https://remoteok.io/remote-jobs/66632-remote-go-developer-3-months-immediate-start-300-400-day-uk-fresh8-gaming,Fresh8 Gaming
Senior Go Developer,https://remoteok.io/remote-jobs/66227-remote-senior-go-developer-iov-one,IOV one
Golang Developer,https://remoteok.io/remote-jobs/66111-remote-golang-developer-stackninja,StackNinja
Golang Developer Position,https://remoteok.io/remote-jobs/66046-remote-golang-developer-position-cyza,CYZA 
Senior Developer,https://remoteok.io/remote-jobs/65893-remote-senior-developer-activestate-software,ActiveState Software
Software Engineer,https://remoteok.io/remote-jobs/65733-remote-software-engineer-canonical,Canonical
Golang Software Engineer,https://remoteok.io/remote-jobs/65650-remote-golang-software-engineer-pathdna,PathDNA
Mid Level Go Developer. Work for an Awesome New Crypto Exchange,https://remoteok.io/remote-jobs/65408-remote-mid-level-go-developer-work-for-an-awesome-new-crypto-exchange-apollo-dae,Apollo DAE 
3rd Go Developer on a 4 Person Team Developer Tooling,https://remoteok.io/remote-jobs/65315-remote-3rd-go-developer-on-a-4-person-team-developer-tooling-blue-canvas,Blue Canvas
Lead Senior Go Developer,https://remoteok.io/remote-jobs/65238-remote-lead-senior-go-developer-strategic-employment-partners,Strategic Employment Partners
Senior Software Engineer Growth,https://remoteok.io/remote-jobs/65219-remote-senior-software-engineer-growth-digitalocean,DigitalOcean
Golang Software Engineer,https://remoteok.io/remote-jobs/65203-remote-golang-software-engineer-blockception-technical,Blockception Technical
Backend Software Engineer,https://remoteok.io/remote-jobs/65202-remote-backend-software-engineer-scylladb,ScyllaDB
Lead Full Stack Developer,https://remoteok.io/remote-jobs/64843-remote-lead-full-stack-developer-phrhero,phrHero
Blockchain Developer,https://remoteok.io/remote-jobs/64816-remote-blockchain-developer-endian,Endian
Blockchain Developer,https://remoteok.io/remote-jobs/64803-remote-blockchain-developer-endian-io,Endian.io
Software Engineer Go Golang,https://remoteok.io/remote-jobs/64744-remote-software-engineer-go-golang-bleve,BLeve
Software Engineer Go Golang,https://remoteok.io/remote-jobs/64738-remote-software-engineer-go-golang-belve,Belve
Lead Software Engineer Go,https://remoteok.io/remote-jobs/64724-remote-lead-software-engineer-go-status,Status
Go Software Development Services for Openid Connect Support the DVID Image Database,https://remoteok.io/remote-jobs/64650-remote-go-software-development-services-for-openid-connect-support-the-dvid-image-database-human-brain-project-pco-epfl,Human Brain Project PCO EPFL
Go Software Development Services for Swift Storage Backend Support the DVID Image Database,https://remoteok.io/remote-jobs/64651-remote-go-software-development-services-for-swift-storage-backend-support-the-dvid-image-database-human-brain-project-pco-epfl,Human Brain Project PCO EPFL
Freelance Golang Developer,https://remoteok.io/remote-jobs/64649-remote-freelance-golang-developer-springboardvr,SpringboardVR
Backend Software Engineer,https://remoteok.io/remote-jobs/64434-remote-backend-software-engineer-target-energy-solutions,TARGET Energy Solutions
Senior Golang Developer,https://remoteok.io/remote-jobs/64432-remote-senior-golang-developer-whalesburg,Whalesburg
Senior Backend Software Engineer,https://remoteok.io/remote-jobs/64433-remote-senior-backend-software-engineer-target-energy-solutions,TARGET Energy Solutions
Software Engineer ML Backend,https://remoteok.io/remote-jobs/64296-remote-software-engineer-ml-backend-vorstella,Vorstella
Senior Software Engineer Golang,https://remoteok.io/remote-jobs/64280-remote-senior-software-engineer-golang-invisionapp,InVisionApp
Golang Developer,https://remoteok.io/remote-jobs/64178-remote-golang-developer-cyberone-security,CyberOne Security
Back End Developer,https://remoteok.io/remote-jobs/64114-remote-back-end-developer-bytemark-limited,Bytemark Limited
Software Engineer Blockchain,https://remoteok.io/remote-jobs/64112-remote-software-engineer-blockchain-xchng,XCHNG
Junior Go Developer,https://remoteok.io/remote-jobs/63978-remote-junior-go-developer-bnet,BNET
